Timestamp,Metric_1,Metric_2,Metric_3,Metric_4,Metric_5,Metric_6,Metric_7,Metric_8,Metric_9,Metric_10
2023/1/1 0:00,-0.011923786,0.247610314,-0.050845437,0.233922621,0.209700739,-7.736059016,-0.205249594,-0.33765016,0.424752913,0.156255017
2023/1/1 0:15,0.966837521,0.750595796,-0.033969015,0.196961528,0.781151828,0.46296502,0.343287277,0.9062275,0.919147696,0.282973568
2023/1/1 0:30,1.649686915,0.547193263,0.691391634,0.605442324,1.645243863,0.790491203,1.293489252,1.516478911,1.623672665,0.679339922
2023/1/1 0:45,2.443841954,-5.557627997,4.786713917,1.17692153,1.538682985,0.901514873,1.560285635,2.536170403,2.320846992,0.749603697
2023/1/1 1:00,2.792361799,1.278831392,0.668643965,1.242699147,1.999739396,1.395918752,1.803325904,2.617126311,2.624143653,1.2180638
2023/1/1 1:15,2.615579679,1.274638874,0.616497819,1.27296476,2.040412839,1.512882517,2.685321396,2.748284418,2.14632772,1.822259365
2023/1/1 1:30,3.029718847,1.472022222,0.666435289,1.734599385,5.109675281,1.137491061,2.024523037,6.063239091,2.05122312,1.234729247
2023/1/1 1:45,2.14908278,1.174803013,0.500529883,2.032553779,1.536629739,1.038434921,3.090557863,-6.669073407,1.300741455,1.713689861
2023/1/1 2:00,1.470102621,0.767605995,0.683437823,2.332865209,1.326547465,0.476502229,2.915551444,0.756906153,0.775428653,1.368818153
2023/1/1 2:15,0.90982968,0.40930393,0.684796112,2.120420102,0.152278661,0.251302804,3.861741537,-0.025144101,-0.306423416,1.287662671
2023/1/1 2:30,0.261857095,-0.265294561,0.780876083,2.030358336,0.366701852,0.002214897,2.66471041,-1.181737122,-1.274842676,8.323415154
2023/1/1 2:45,-1.215749484,-0.71644538,-3.843554189,1.929353357,-0.571062054,-0.711552799,2.300315916,-1.835356857,-1.373098234,0.752464302
2023/1/1 3:00,-1.624508554,-1.136041437,0.97744224,1.890377506,-0.838602996,-0.977243051,1.662870952,-2.146092505,-1.860739144,0.431411992
2023/1/1 3:15,-2.377142175,-1.307486337,0.926771132,1.596867516,-1.430123885,-0.735015489,1.541954786,-2.205634633,-2.127205899,-0.089330799
2023/1/1 3:30,-3.159279678,-1.335072422,0.895633069,1.722375887,-2.234931975,-1.207018191,0.948065137,-2.393157447,-2.321081218,-0.245678284
2023/1/1 3:45,-2.601195328,-1.123325316,0.763333833,0.739598137,-1.98664169,-0.989321692,0.526932403,-2.041873156,-1.864796566,-0.413279076
2023/1/1 4:00,-2.723117714,-1.3738811,0.86881651,0.816913363,-1.862339085,-1.298348943,0.105048112,-1.374840139,-1.482975376,-0.631669645
2023/1/1 4:15,-1.822920741,-1.183170458,0.470532754,0.231924445,-1.812691824,-0.903109023,-0.318523033,-0.408702337,-0.790258926,-1.489244359
2023/1/1 4:30,-1.329945051,-1.033085234,0.62506286,1.128935469,-1.243021862,-0.704729272,-0.915145207,0.528237192,0.000788369,-1.247426285
2023/1/1 4:45,-0.614163976,-0.686002192,0.957510082,-0.579023576,-0.935101706,-0.141277591,-2.042327613,1.584510819,0.972743454,-1.464768792
2023/1/1 5:00,0.567237476,-0.003031368,2.038582918,-0.317867497,-0.27939886,0.264799744,-2.106251008,2.113980919,1.738197895,-1.185860341
2023/1/1 5:15,1.413674463,0.154271934,-0.041754591,-0.786881897,0.767167927,0.50808719,-2.872249201,2.6743597,2.353946854,-1.009331632
2023/1/1 5:30,1.502343421,0.368902338,0.589153156,-1.496470427,0.820041724,0.745351506,-7.207968039,2.354519956,2.155089636,-1.468015986
2023/1/1 5:45,2.785996707,2.277412828,0.128357911,-1.86119172,1.263880362,1.242034126,-2.970601271,2.349672744,-3.044398263,-0.811560482
2023/1/1 6:00,-1.386513654,1.385676179,0.342713238,-1.785874176,1.999691564,1.39126939,-3.339529531,1.66337783,2.054697635,-0.593858827
2023/1/1 6:15,-5.823033685,1.650543525,0.141603336,-1.780999096,1.737094815,1.628729684,-2.978158886,1.035912086,1.289068264,-0.338094065
2023/1/1 6:30,2.896448664,1.372325077,-0.081989734,-1.849194613,1.489025833,0.930765675,-2.87712872,-0.283881389,0.913951145,0.066315312
2023/1/1 6:45,1.907552207,1.409374429,-0.477188049,-2.162658888,1.533692664,1.427012167,-2.604311885,-0.797681748,-0.191911358,0.104393036
2023/1/1 7:00,1.20461147,1.102622649,-0.395456986,-1.85006096,1.337226148,0.779594687,-1.679507793,-2.931484661,-1.288447834,0.476756124
2023/1/1 7:15,0.44006914,0.697849972,-0.648378036,-2.214626635,1.031047575,0.031250165,-1.259602157,-12.2691654,-2.011102244,0.965728729
2023/1/1 7:30,-2.95364187,0.153290144,-0.339196161,-1.907667666,0.429483176,-0.145932658,-0.712271993,-2.601684721,-0.014679971,1.223732718
2023/1/1 7:45,-1.055243973,0.011505484,-0.591674018,-1.886920175,-0.109874324,-0.352083866,-0.465640648,-2.515327535,-2.582022763,0.972298219
2023/1/1 8:00,-2.42656181,-0.57352359,-0.89022064,-1.039630669,-1.035824963,-0.943136439,0.388693363,-2.58676626,-2.168048325,1.49002194
2023/1/1 8:15,-2.446866587,-0.855712425,-0.856847223,-1.265117926,-1.519065959,-1.344508715,0.774310673,-1.535671662,-1.948103954,1.643744818
2023/1/1 8:30,-2.91138457,-1.048643904,-0.978274947,-0.922747496,-1.851125661,-1.405390527,1.310231551,-0.999332446,-1.098154739,1.253831855
2023/1/1 8:45,-2.943511184,-1.701056971,-1.006054107,-0.647988215,-2.102406602,-1.190801524,1.864775318,0.480657251,-0.948919766,0.966456101
2023/1/1 9:00,-2.188193099,-1.345169202,-0.857923089,-0.092568653,-1.871922944,-1.001036048,2.077352228,0.869207712,0.473520451,1.19450252
2023/1/1 9:15,-1.933332454,-1.121566372,-1.224572757,0.158640966,-1.757049959,-0.758651929,1.498843929,1.869533311,1.301219215,0.891962326
2023/1/1 9:30,-1.521536263,-1.181563118,-0.863583911,0.345228198,-1.509424251,-0.491976147,2.902298659,2.359671402,1.580413885,0.335191552
2023/1/1 9:45,7.617257667,-0.730388722,-1.048268493,0.61352231,-0.809676957,0.371612958,2.904144993,2.443349172,2.397606331,-0.00885767
2023/1/1 10:00,0.80524909,-0.250529053,-0.820937894,1.248545319,-0.567678897,0.609295809,7.254395449,2.187040831,2.323562335,-0.243208862
2023/1/1 10:15,1.639271155,0.231429582,-0.557015424,1.360868365,0.272104993,1.07323746,2.741939024,2.118359297,2.096207902,-0.726654031
2023/1/1 10:30,1.983413346,0.46655016,-0.604645179,1.740359212,0.656123497,1.057894443,2.557439685,1.173356213,2.052756175,-0.855990376
2023/1/1 10:45,2.505798888,0.727013126,-1.136500963,1.974557306,1.426554033,1.176713173,2.240949523,0.673673656,1.314244011,-0.941421353
2023/1/1 11:00,7.733796551,1.451628426,-0.638865801,2.250602946,1.989657783,1.234627513,1.552772011,-0.559967125,0.235499589,-1.26253412
2023/1/1 11:15,3.107780741,1.455675538,-0.893801527,2.161416128,1.69115493,1.280259962,1.40867531,-1.2205867,-0.412217171,-1.763597795
2023/1/1 11:30,2.321487105,1.375332968,-0.861874127,-3.945924585,2.142883806,0.86333452,0.950727767,-2.123925589,-1.416771062,-1.403116585
2023/1/1 11:45,1.910151371,0.889306632,-0.55332217,1.705779263,1.8069789,0.609369285,0.097122085,-2.566797027,-1.713888205,-1.517389702
2023/1/1 12:00,0.848629031,0.845478482,-0.600488094,2.129536153,1.382914059,0.505155506,-0.429229613,-2.906297878,-2.33783779,-0.983495102
2023/1/1 12:15,0.234505255,1.090590492,0.070482785,1.524013693,1.001400836,-0.139428225,-1.561708528,-2.551715612,-2.366968586,-1.059990538
2023/1/1 12:30,-0.873794459,0.610327239,-0.370401866,1.434078213,0.311894006,-0.434937653,-0.986642879,-1.578545748,-2.226189796,-0.461753497
2023/1/1 12:45,-1.611926368,-0.274313996,-0.324456976,1.138546839,0.081471036,-0.798564546,-1.963084403,-1.196376273,-2.166327978,-0.406452216
2023/1/1 13:00,-2.178544806,-0.286316344,-0.202274419,0.866336368,-0.701142858,-1.056699401,-2.195227332,-0.137817685,-0.844621071,0.001750999
2023/1/1 13:15,-2.298555544,-0.937867268,0.466662094,0.417308782,-1.405470603,-1.417253655,-2.792026741,1.205352495,-0.489638169,0.097932355
2023/1/1 13:30,-2.869232824,-1.143402558,0.450990516,-0.308942321,-1.696512273,-1.615411691,-3.103823807,1.577743805,0.659270137,0.627945274
2023/1/1 13:45,-2.721656673,-1.262502092,0.223001922,-0.156255905,-1.962945977,-1.617771864,-2.581972238,2.280200371,1.279254997,0.962949336
2023/1/1 14:00,-2.645972752,-1.398653151,0.226547539,-0.348318894,-2.303079401,-0.841528455,-3.110619545,2.642343641,1.812558502,1.222820734
2023/1/1 14:15,-1.686773679,-1.358641784,0.52140817,-0.817476259,-1.762739872,-0.713402237,-2.657528219,2.607032944,2.178778069,1.320463351
2023/1/1 14:30,-1.563888344,-1.096183327,0.542872615,-1.058166091,-1.51097527,-0.508618316,-2.534423822,2.109324297,2.532650694,1.442201866
2023/1/1 14:45,-0.367173388,-0.706591634,0.77016442,-1.537942131,-0.751646372,0.033410925,-2.003063446,1.640037129,1.71554541,10.66586404
2023/1/1 15:00,0.687610741,-0.62147157,0.940523858,-1.519527268,-0.723226361,0.445114871,-1.520014567,0.465050313,1.643138667,0.835575277
2023/1/1 15:15,1.607255177,-0.270167398,0.573152536,-1.758207979,-0.058988385,0.165947769,-1.145735712,-8.02276489,0.962079311,1.332835794
2023/1/1 15:30,2.396668551,-0.076294653,1.03102264,-1.631567428,0.351325603,1.259112257,-0.520808006,-1.160884206,0.24893734,0.731487071
2023/1/1 15:45,2.880590987,0.726087992,0.886434039,-2.157548729,1.10871781,0.976586133,-0.032404875,-1.784334485,-0.435367895,0.702298327
2023/1/1 16:00,2.892301274,1.611267876,1.079669677,-1.985036188,1.842088446,1.238951905,0.335900654,-2.07648436,-1.381245808,0.209901605
2023/1/1 16:15,2.474357114,-7.509278072,0.864877968,-2.101122304,2.024762707,1.245702774,0.994958003,-0.387710691,-2.019606626,0.148444568
2023/1/1 16:30,2.00868168,1.443762504,1.063697669,-2.067819735,2.082711651,0.864741008,1.603859533,-2.136267738,-2.201427314,-0.291554767
2023/1/1 16:45,1.686393553,1.138272256,0.802073928,-1.610653345,1.977564446,0.808145257,1.912570968,-2.120377835,-2.566470905,-0.711433014
2023/1/1 17:00,1.104446555,1.079308164,0.770412104,-1.843442473,1.625278597,0.548228005,2.513527237,-3.973837007,-2.393977118,-0.881972152
2023/1/1 17:15,-0.267940539,1.190614525,0.916639708,-1.362457752,1.254303845,0.144602876,2.334974124,-0.532264375,-1.756576362,-1.096794459
2023/1/1 17:30,-1.098607294,0.794980502,0.450487069,-1.203115585,0.584577186,-0.363180361,2.951522282,4.417345252,-1.004117144,-1.405677261
2023/1/1 17:45,-1.750568331,0.185279102,-0.508720249,-0.702954943,-0.096098748,2.185674039,3.118019207,-6.343635367,-0.066874149,-1.598040531
2023/1/1 18:00,-2.181019864,-0.359183434,0.762596144,-0.182993136,-0.288500855,-1.515080005,2.658913879,1.987745927,0.527101535,-1.141527195
2023/1/1 18:15,-2.560996463,-0.73988914,4.618302291,-0.122794575,-0.827470562,-0.219309048,2.750439765,2.659444991,1.498149427,-0.914044034
2023/1/1 18:30,-2.795193298,-1.15727783,0.160706771,0.37261026,-1.543244586,-1.426206677,0.665254973,2.949953995,2.181823605,-11.28370313
2023/1/1 18:45,-2.626174134,-1.130136382,0.316898684,0.90652257,-2.021742817,-1.081693845,2.002464979,2.837991496,2.30175918,-0.762380648
2023/1/1 19:00,-2.50022028,-1.322920445,0.465386631,0.788577628,-1.963885786,-0.903529027,1.725053713,1.698406064,2.654554654,-0.472311793
2023/1/1 19:15,-1.600245096,-1.282691234,0.113729784,1.06786915,-1.795154378,-0.904358696,0.898947515,0.839226238,1.818025332,-0.470018423
2023/1/1 19:30,-0.532908406,-0.863391556,-0.132805054,1.607271174,-1.445109112,-0.251661891,0.94116812,0.359904009,1.831222898,-0.086724917
2023/1/1 19:45,-0.1892926,-1.024641868,0.116754676,1.933789962,-1.300934217,-0.074196619,0.143801156,-0.756218274,0.968080546,0.771405834
2023/1/1 20:00,1.003670583,-0.599615299,-0.328151575,2.017657362,-1.077762742,0.555056957,-0.660753931,-1.397518878,0.19555643,0.543493132
2023/1/1 20:15,2.088615488,-0.327837572,-0.089173873,2.2966947,-0.622012977,0.760273059,-0.887520365,-2.164094036,-0.884628656,0.778186473
2023/1/1 20:30,2.705631476,0.429304942,-0.240610608,-2.898315505,0.48775199,1.336622974,-1.660641206,-2.290570178,-7.287955179,1.14039165
2023/1/1 20:45,2.386109991,1.024975388,-0.690805246,2.224841016,1.062622037,1.300311003,-1.795515698,-2.511359679,-1.936956394,1.081989282
2023/1/1 21:00,3.12613397,0.878353148,-0.707713432,1.781942508,1.750372939,1.296012873,-2.618495052,-2.133177803,-2.592778726,1.507206118
2023/1/1 21:15,2.728432122,1.48011151,-0.865660652,1.941172961,1.925582146,1.053264389,-3.002308479,-1.367703296,-2.185733771,1.238152081
2023/1/1 21:30,1.891851207,1.465379491,-0.771852215,1.767520534,1.75222094,1.060555819,-2.687674112,-0.885581122,-2.503793055,1.330011677
2023/1/1 21:45,1.506225542,1.400776741,-0.733302219,1.485171538,1.516949912,0.38888958,-3.078316731,-0.144430956,-1.458233734,0.743082157
2023/1/1 22:00,0.307660799,1.005594759,-0.684842473,1.062823782,1.395405888,0.187102024,-2.542739359,0.991629674,-0.807777004,0.796765322
2023/1/1 22:15,-0.51754979,0.974834748,-1.08610348,0.840092149,1.339074007,-0.207120498,-2.394598155,1.95284569,0.066670215,0.591889325
2023/1/1 22:30,-0.986535567,0.581598466,-1.023350761,0.536092538,0.506667479,-0.914004893,-2.319250786,2.246572339,0.783332147,0.455647113
2023/1/1 22:45,-2.008406146,0.152403376,-1.162232045,0.280729539,0.308218015,-1.469999183,-2.024274978,2.368314619,1.949942001,0.313940239
2023/1/1 23:00,-2.622305161,-0.47516056,-1.056270079,-0.008831236,-4.796848422,-7.905667339,-1.472004737,2.1545282,1.994962228,-0.256663998
2023/1/1 23:15,-2.265989649,-0.453004356,-1.02765687,-0.618177522,-0.881523566,-1.334774165,-0.71185257,2.016895935,2.496796324,-0.050684997
2023/1/1 23:30,-3.233808624,-0.636698925,-0.872097133,-0.771154871,-1.607854697,-1.388049454,-0.366657493,1.30851216,2.380260383,-1.121605845
2023/1/1 23:45,-2.666983834,-1.502667541,-0.8791565,-1.275158324,-1.784170236,-1.146056077,0.319690982,2.035282707,2.707994267,-1.33877467
2023/1/2 0:00,-1.981105161,-1.062382464,-0.796317417,-1.525971815,-1.68553041,-7.643906178,0.563057737,-0.334089111,1.539664265,-1.125601791
2023/1/2 0:15,-1.003433727,-1.36578427,-0.802626183,-1.625404326,-2.187668756,-0.485432803,1.393483904,-1.374313964,7.835243606,-1.449334377
2023/1/2 0:30,-0.47375602,-1.469074838,-0.801992203,-2.276146023,-1.93418275,0.078914044,1.651921926,-2.042941266,-0.097044656,-1.193439916
2023/1/2 0:45,0.510256818,-0.994424545,-0.857399557,-2.263089525,-1.181455483,0.422931989,2.130036249,-2.551526732,-1.011659783,-1.445128546
2023/1/2 1:00,1.48802433,-0.65693397,0.052753204,-2.094504751,-5.967570784,0.952008934,2.660101873,-2.480632186,-1.871378798,-0.861914109
2023/1/2 1:15,2.16847501,-0.220174883,-0.341449657,-2.091378951,-0.354071906,0.807903625,2.905939167,-2.488669591,-2.359310549,-0.831276627
2023/1/2 1:30,2.56663167,0.14097817,-0.006715309,-1.978400968,0.417170411,1.67727215,2.267237126,-1.835665546,-2.33902914,-0.72111177
2023/1/2 1:45,3.372294732,0.553197566,-0.053009988,-1.681873656,0.771432794,1.304538802,2.975778765,-1.198774832,-2.405995912,-0.674805535
2023/1/2 2:00,2.787590865,0.987092028,-0.033324541,-1.666392344,1.132873305,1.298036286,2.947687653,-0.230718917,-1.912616723,-0.226471109
2023/1/2 2:15,2.446541592,0.970585165,0.358125611,-1.952559985,1.954870507,0.975873986,2.833593367,0.934608124,-3.32423393,0.604817176
2023/1/2 2:30,1.674591369,1.235592902,5.182713604,-1.453093184,1.994907849,0.834899057,2.475825382,-2.435265668,-0.605515316,0.401063554
2023/1/2 2:45,1.209946318,1.194899689,0.497942094,-0.824261631,1.815039356,0.426535927,1.985388683,1.844574779,-0.067061284,1.242351861
2023/1/2 3:00,0.181845021,1.437346765,0.105198314,-0.709123435,1.961503386,0.052105384,1.181662945,2.385614447,0.770206925,1.255513484
2023/1/2 3:15,-0.771769194,1.113413551,0.45121323,-0.513588365,1.271936532,-0.662933367,0.750254008,2.456338202,1.008307756,1.559890763
2023/1/2 3:30,-1.541462812,0.516051606,0.80050181,0.326764122,1.045905078,-0.752493451,0.458541244,2.284038167,2.112920445,1.614164724
2023/1/2 3:45,-0.301814341,0.641092143,0.88600754,0.347604993,0.364974097,-1.232154916,-0.906698037,1.709569697,2.35181776,1.047945331
2023/1/2 4:00,-2.912127398,-0.505730079,1.112756461,0.990498452,-0.25619352,-1.350795754,-0.586064228,0.511183511,1.938303924,1.497041112
2023/1/2 4:15,-2.936415937,-0.760276436,0.823887481,1.31790536,-0.69773367,-1.288455799,-1.661525235,-0.071713888,1.601758448,1.14180428
2023/1/2 4:30,-2.867541628,-0.787164482,1.164056593,1.918666794,-1.303935133,-1.525281177,-2.056661026,-0.746954102,1.615715517,0.978917341
2023/1/2 4:45,-2.128649937,-0.986224217,0.861791918,1.615748217,-1.544579266,-0.824594026,-2.565414262,-0.564771185,0.891491583,0.614635826
2023/1/2 5:00,-1.901506469,-1.303525185,1.003872399,1.557929201,-1.395843626,-0.650820906,-2.643685865,-2.534616866,-0.136089104,0.335943959
2023/1/2 5:15,-0.755241542,-1.339226171,1.073343906,2.20109473,-1.747450184,-0.178807785,-2.774670639,-2.282110771,-1.019826756,0.2534705
2023/1/2 5:30,0.223586413,-1.082956106,1.247083175,2.007519601,-2.08060831,0.586464786,-3.088686455,-2.730843498,-1.446846521,-0.370163161
2023/1/2 5:45,0.648212895,-1.31326255,1.242271246,1.816658225,-1.669871223,0.773799155,-2.981451778,-1.921269163,-2.111896842,-0.265934471
2023/1/2 6:00,1.603802558,-1.177968439,0.950910504,2.043549035,-1.400424501,1.105549884,-2.470176701,-1.378802915,-2.717703557,-0.74476448
2023/1/2 6:15,2.102934946,-0.228595218,1.057612936,1.919973141,-0.522759707,1.189821856,-2.639200995,-0.580578718,-2.204209774,-1.244919484
2023/1/2 6:30,2.750143799,-0.246932275,0.474524614,1.188415559,0.157839643,1.324299927,-2.337513287,-1.141526647,-1.951543037,-1.493878724
2023/1/2 6:45,3.510572752,0.266189293,0.828876974,1.482418364,0.820824504,1.519423943,-1.653841628,0.935658573,-1.320312636,-1.066516522
2023/1/2 7:00,12.29770851,0.865117239,0.648612725,1.491588021,1.177860692,1.246668143,-1.262743835,2.175346468,-0.55217317,-1.636215203
2023/1/2 7:15,2.300124635,1.410745516,0.823916071,1.245225519,1.812721656,1.250058768,-0.80750819,2.472465963,0.372826433,-1.553488558
2023/1/2 7:30,1.421788808,1.253970026,0.138442242,1.027104742,2.000954448,0.600046183,0.217450059,2.832954755,0.968401925,-1.117104825
2023/1/2 7:45,0.659428136,1.57328543,0.152645549,0.357351611,1.863572766,0.184302524,0.345737216,2.441158265,1.932280423,-1.215130128
2023/1/2 8:00,0.048360863,1.618529095,0.382234399,-7.608481414,1.771513563,-0.014070311,1.108407785,2.189182282,2.42275876,-0.779558999
2023/1/2 8:15,-0.86439899,1.345192569,0.018591639,-0.387965103,1.49003829,-0.887442195,1.699350353,1.230648021,2.477564774,-0.220337663
2023/1/2 8:30,-1.690408139,1.07034477,4.265731642,-0.682189713,0.910537882,-1.193435753,1.736884363,0.311308035,2.380698593,0.011780334
2023/1/2 8:45,-1.970953738,0.596719543,-0.031106462,-1.123522348,0.269544101,-1.257132259,9.89764849,-0.532029867,1.596614679,0.265312907
2023/1/2 9:00,-2.775512254,4.01417153,-0.528475066,-1.266720788,-0.169054322,-1.274124065,2.667856349,-1.259724215,1.510351709,0.833684329
2023/1/2 9:15,-2.868424885,-0.641391794,-0.515581701,-1.846601473,-0.676658406,-1.692040647,3.074712024,-2.093660863,0.5274662,1.058478267
2023/1/2 9:30,-2.72736421,-0.605201538,-0.330218765,-1.715680756,-1.481027993,-0.703210172,9.038590529,-2.916887286,-0.528902785,1.072581956
2023/1/2 9:45,-2.18458822,-1.195428567,-0.38095687,-1.614035551,-1.713865542,-1.139937671,3.029870349,-2.446169834,-1.090482857,1.034353565
2023/1/2 10:00,-1.721717358,-0.895502543,-0.706239993,-2.419459689,-1.745183772,-0.451370474,2.648444915,-2.242236115,-1.783966622,1.537642102
2023/1/2 10:15,-0.704353014,-1.011127069,-0.720105072,-1.980501416,-1.70546373,-0.23956269,2.450895536,-1.81741752,-2.257313174,1.238703212
2023/1/2 10:30,0.380009739,-1.085333196,-0.824252373,-1.994934812,-1.727741594,0.328989009,2.31493376,-0.872961088,-2.176354783,1.191135589
2023/1/2 10:45,1.24939585,-1.029664798,-0.863121749,-1.949255863,-1.897053831,0.958390861,1.745223125,0.450670556,-2.47690825,0.88346325
2023/1/2 11:00,1.604830437,-0.636867758,-0.879224269,-2.334644517,-1.264407045,1.045909424,1.048574451,1.001758989,-1.721837234,0.678477337
2023/1/2 11:15,2.695743328,-0.799908166,-0.885563083,-1.423883897,-0.525005051,1.009515767,0.505943378,1.77594974,-1.173354398,0.622925167
2023/1/2 11:30,2.795624293,-0.256195376,-1.26302304,-1.472693359,-0.508328547,1.553850465,-0.27642541,5.271282328,-0.290832838,0.379311189
2023/1/2 11:45,3.056902837,0.290733268,-1.051500609,-1.224814898,0.628183963,1.440812441,-0.765616662,2.650840731,0.372541091,0.143664658
2023/1/2 12:00,2.91490431,0.842647386,-1.191121456,-0.393520232,1.352504388,1.459500168,-0.893532227,2.412070063,1.380207846,-0.032665471
2023/1/2 12:15,7.599123459,0.72597766,-1.207323921,-0.09763968,1.328551837,0.964888912,-1.293037546,2.065449586,1.500567693,-0.668347332
2023/1/2 12:30,7.496419545,1.101869202,-0.789503004,0.050663906,1.800088774,0.2063339,-2.01432123,1.306853523,2.323142314,-1.224939561
2023/1/2 12:45,0.309176936,1.165813866,-0.864377873,0.475244965,0.90108855,-1.121236554,-2.461444988,0.893241546,2.498436542,-1.076204347
2023/1/2 13:00,-0.04287451,1.253353992,-0.80110913,0.724005808,2.013738107,-0.474068039,-2.696459002,-0.410907822,2.078642236,-1.121209191
2023/1/2 13:15,-0.971558164,1.23310327,-0.924592744,0.966826688,1.678515794,-0.91060026,-3.098499986,-8.817449675,1.728655649,-1.324270754
2023/1/2 13:30,-1.694260405,1.377274398,-0.652058538,1.207255974,1.179019778,-1.141928315,-6.126338788,-2.122373969,0.994972101,-1.385600257
2023/1/2 13:45,-2.358742369,1.15478646,-0.92301547,1.356562734,0.516700548,-1.373067315,-2.762748881,-2.228742552,0.044378496,4.074686064
2023/1/2 14:00,-2.714031416,0.531168926,-0.376795165,1.650603359,0.058004541,-1.199352797,-2.522286199,-2.308825582,-0.846322256,-1.234736086
2023/1/2 14:15,-3.048957434,-0.325156226,-0.380511065,2.307951797,-0.350199777,-1.474852081,-2.337281649,-2.402455871,-1.152456325,-0.886509497
2023/1/2 14:30,-2.853923946,-0.545642938,-0.166087946,2.268796402,-0.981730872,-1.417768757,-1.734093595,-1.863080553,-1.502960027,-1.106689597
2023/1/2 14:45,-2.197321773,-0.8882978,0.01529543,2.101234643,-1.153347749,-0.564217361,-1.703886598,-1.401434598,-2.485976621,0.076324915
2023/1/2 15:00,-1.5489191,-1.309229622,0.249204133,2.234392686,-1.475567498,-0.283516549,-0.632726269,-0.159358505,-2.163317243,-0.051215735
2023/1/2 15:15,-0.390609645,-1.284941321,0.362625282,1.939040898,-1.97658114,0.193236434,-0.613807615,0.942997206,-6.137411251,0.334638137
2023/1/2 15:30,0.751054712,-1.713344067,0.134142001,1.461967331,-1.977682665,0.421403742,0.154969336,1.677501351,-1.7757827,0.520781913
2023/1/2 15:45,1.67677585,-1.166777171,0.630092563,1.323277215,-1.423443381,0.822066057,0.465319571,-7.643402362,-0.762578541,0.660777993
2023/1/2 16:00,1.477488037,-0.923135459,0.5052205,1.852842915,-1.686291701,1.104534336,1.308135988,2.678933275,0.096798094,1.304089502
2023/1/2 16:15,2.928156116,-0.520184472,0.76756814,0.843189625,-1.038609659,1.740397792,1.967430916,2.716873125,0.363037021,0.964958031
2023/1/2 16:30,2.42425168,-0.245483541,0.601941042,0.748654675,-0.146197378,1.421639593,2.193062264,2.153746081,1.608701127,1.476053337
2023/1/2 16:45,2.620571146,0.107275066,0.849053504,0.38195651,0.234112487,1.312397454,2.293581163,2.266771975,2.249899156,1.316412217
2023/1/2 17:00,2.942783089,0.644784167,9.322653993,0.233000213,0.872565931,1.168796456,2.72051361,0.926619386,2.240755013,1.084956592
2023/1/2 17:15,2.138776806,1.084319097,0.997601401,-0.428682647,1.017131366,0.765823737,3.008384573,0.015146855,2.327666624,1.578877812
2023/1/2 17:30,0.824311119,1.267648608,0.852270636,-0.683182627,1.570551111,0.246497444,3.046025417,-0.886090477,-7.272012044,1.063656195
2023/1/2 17:45,0.292645354,-3.915331376,1.050580524,-0.775536963,1.722200916,-0.420957261,2.948302635,-1.850726275,1.688674792,0.575057802
2023/1/2 18:00,-0.691979998,1.020888785,1.224819427,-1.315796748,2.121296718,-1.028414673,2.567756784,-2.33719098,0.910414281,0.388895469
2023/1/2 18:15,-1.503311925,1.275612468,1.090295952,-1.825934844,1.810095831,-0.930516075,2.10220833,-2.572302468,0.026236923,-0.279753067
2023/1/2 18:30,-2.20060504,0.814848794,0.987890415,-1.434486535,1.456649408,-1.152360843,3.190101543,-2.538655991,-0.890644492,-0.256736024
2023/1/2 18:45,-2.412983593,0.673681439,1.349900746,-2.306782655,0.827021736,-1.525183951,1.258282592,-2.078020069,-1.020863565,-1.169230217
2023/1/2 19:00,-2.891290566,0.314908244,1.249897614,-3.271195475,0.333564184,-1.437996788,0.624742516,-1.369951193,-2.142987951,-1.159305884
2023/1/2 19:15,-2.886523948,0.063348301,0.580306315,-2.103670432,0.041601817,-1.195295051,0.267656646,-0.672204408,-2.224344975,-1.150178188
2023/1/2 19:30,-2.814456307,-0.759616925,0.965900521,-2.11335375,-0.552269654,-0.686284245,-0.037480244,-0.985407523,-2.586037629,-1.315740158
2023/1/2 19:45,-1.87387159,-1.01109906,0.702863178,-1.924878432,-1.550345648,-0.873642135,-0.807766034,0.976873638,-1.719964096,-1.159527702
2023/1/2 20:00,-0.844003637,-0.667918022,1.729210593,-1.733504503,-1.571581611,-0.423262351,-1.466902057,1.879932308,-1.264004001,-1.363996894
2023/1/2 20:15,-0.188148487,-1.217876572,0.322090799,-1.720523622,-1.625344681,0.462301426,-2.187116315,2.379886026,-0.880303432,-1.097621451
2023/1/2 20:30,0.958827174,-1.557706003,0.526585566,-1.540375085,-7.064822342,0.853365597,-2.057444629,2.55392426,-0.018503111,-1.259864263
2023/1/2 20:45,1.6027718,-1.488161322,0.181133992,-1.29099943,-1.765241015,1.44990444,-2.586339009,2.450908214,0.528055365,-1.442254638
2023/1/2 21:00,2.112945826,-1.077577482,0.284069957,-0.670766883,-1.715337425,1.377471893,-2.68313343,1.889485938,1.364950742,-0.649336796
2023/1/2 21:15,2.925954145,-0.633907239,-0.31460168,-0.520001487,-0.763176553,1.518864877,-2.803538324,1.150863277,1.876001368,-0.479588082
2023/1/2 21:30,2.750252416,-0.226774547,0.177392593,-0.202975763,-0.47765129,1.240837018,-3.275345315,0.725742012,2.188237398,-0.615836948
2023/1/2 21:45,-2.991473741,-0.030776554,-0.307061241,0.050900508,0.204824838,1.447380607,-2.7951915,-0.601049241,2.195094845,0.455752614
2023/1/2 22:00,2.603382244,0.337730061,-0.249073596,0.296112107,0.838988133,0.91624361,-2.778570088,-1.080301234,2.04388732,0.6566895
2023/1/2 22:15,1.553802196,0.693903554,-0.582219088,0.518175105,1.568488589,0.325757284,-1.92184787,-2.080124327,1.99283258,1.263232168
2023/1/2 22:30,0.822116506,1.048736125,-0.783612222,0.826269549,1.679113912,0.000936071,-1.73066094,-2.288425491,2.502178385,1.326722844
2023/1/2 22:45,0.1693223,1.290032604,-0.818182184,1.717769505,1.916701279,-0.228791448,-1.415258006,-3.229752727,-0.435932809,0.978880296
2023/1/2 23:00,-0.643671971,1.307311197,-0.946821625,3.055655263,2.148148441,-0.802286387,-0.805021632,-2.18839444,-0.843508429,1.185072265
2023/1/2 23:15,-1.414096809,1.532843735,-0.730215326,1.902708459,1.582236634,-1.080315494,-0.061649859,-1.64120202,-1.655884017,1.671871246
2023/1/2 23:30,-2.548229646,1.061294321,-1.021648275,2.170634161,1.471908441,-1.236518604,0.52839572,-0.958807837,-1.757489753,1.358991657
2023/1/2 23:45,-2.866648696,0.973614211,-1.040907618,2.304801288,1.035552398,-1.502386242,1.116493771,-0.428401973,-2.622210633,1.359446366
2023/1/3 0:00,-2.736202954,0.279732234,-1.002228019,2.10188662,0.629316467,-1.588032581,1.290774746,0.548402848,-2.711460729,1.119828223
2023/1/3 0:15,-2.751301181,0.186445824,-1.020513587,2.227626922,-0.514609048,-1.220597969,1.828488357,1.628291221,-1.839722885,0.735041733
2023/1/3 0:30,-2.26040071,-0.579703604,-1.544466264,1.869933697,-0.432887571,-0.735577683,2.504728872,2.176329361,-1.559341931,0.160216832
2023/1/3 0:45,-1.362785963,-0.441585222,-0.976153477,1.826724705,-1.203419874,-0.65980259,2.519853737,2.621974236,-0.806267181,0.157771844
2023/1/3 1:00,-0.675504587,-1.368853209,-1.043367874,2.511085525,-1.401257392,0.123051827,2.903598227,2.524831796,0.286628434,-0.429119738
2023/1/3 1:15,-0.026853048,-1.338899584,-0.626907506,0.945242828,-1.729260022,0.614063566,3.160872113,2.444816674,1.216134214,-0.748301902
2023/1/3 1:30,1.196078035,-1.356130844,-0.537597287,0.928447174,-2.150395653,0.85351423,-1.010663807,1.860130575,1.655115735,-1.039692022
2023/1/3 1:45,1.551977571,-1.152890121,-1.240605655,0.809681812,-5.359689512,1.15807132,2.609342464,0.892292508,2.027690982,-0.817405654
2023/1/3 2:00,2.757440411,-1.460523148,-0.504269841,0.429077799,-1.639405927,1.304388933,3.009488592,-0.211954665,2.45861392,-1.450262529
2023/1/3 2:15,2.865299092,-0.828228359,-0.850910512,0.37931202,-1.128889964,-5.438999993,1.942711775,-1.296187235,2.397810305,-1.648452504
2023/1/3 2:30,2.978054715,-0.737040898,-0.815751188,-0.236858398,-0.516488746,1.356155573,1.723272638,-1.605973889,2.470573043,-0.215493389
2023/1/3 2:45,2.736054974,-0.305826667,-0.281490377,-0.688479385,0.059004789,1.008482724,1.050374749,-2.524662531,0.995075526,-1.306247898
2023/1/3 3:00,2.481249768,0.460734048,-0.368170099,-1.13447089,0.54135704,0.704092528,0.485111856,-2.398282159,0.79763511,-1.251232673
2023/1/3 3:15,1.650481126,0.808551916,-0.136143541,-1.188809354,8.337503675,0.363640326,-0.31546713,-2.322312917,-0.0837744,-1.067867041
2023/1/3 3:30,0.487217576,-3.3562822,-0.268038798,-1.695667238,1.352784769,0.125358198,-0.476003687,-1.809499949,-1.157246411,-0.253621082
2023/1/3 3:45,-0.694072245,1.412259689,-0.307928156,-1.568755141,2.127648121,-0.301672207,-3.610937402,-1.411824707,-2.060936692,-0.769842574
2023/1/3 4:00,-1.451192916,1.304582745,0.027743711,-1.951449081,1.902896077,-0.959607615,-1.988476684,-0.439153934,-2.115815353,-0.131434043
2023/1/3 4:15,-2.033999075,1.092674572,0.447527445,-1.917788439,1.733151607,-0.776413897,-2.202351547,0.786459373,-1.623448122,0.283482266
2023/1/3 4:30,-2.757788088,14.35370403,0.320571176,-1.768502825,1.517980285,-1.839828606,-2.718767742,1.316621286,-2.224275654,0.548095531
2023/1/3 4:45,-2.826420059,0.840793338,0.412322743,-2.143999385,1.489528004,-1.547400022,-3.574756094,2.049746868,-2.146156587,0.670249371
2023/1/3 5:00,-2.972968136,0.244000255,0.651665133,-2.433113963,0.869517321,-1.107840265,-2.878444491,2.60881437,-1.506898373,1.477773459
2023/1/3 5:15,-2.565129054,0.392941184,0.636106908,-1.827010035,0.137053032,-0.790167449,-2.789916353,2.987599218,-0.49913775,1.136980231
2023/1/3 5:30,-2.118273988,-0.430936738,0.57325861,-1.154256959,-0.446499414,-0.880546587,-3.165463965,2.621215538,0.091668815,1.174206191
2023/1/3 5:45,-1.573937563,-0.652820647,0.727601655,-1.319133114,-1.389871234,-3.131960305,-2.734223157,1.805659091,1.076169585,1.470470505
2023/1/3 6:00,-0.699054456,-1.220665564,0.988155668,-0.968593816,7.946471991,0.500829191,-2.699661724,0.782944739,1.900268922,1.230802024
2023/1/3 6:15,-0.580374269,-1.134470393,1.002014856,-0.863037935,-1.810686038,0.404363294,-1.990093535,-0.121637739,2.25542536,1.344907121
2023/1/3 6:30,1.094798499,-1.347331465,0.808255673,-0.611660183,-2.221858567,1.03393202,-1.953009402,-0.846736154,2.320858919,0.973552303
2023/1/3 6:45,2.139429665,-1.727627147,0.643018728,-0.308755615,-2.51328502,1.016749794,-0.628866426,-1.50031006,2.070529822,0.937871824
2023/1/3 7:00,2.548527596,-1.494003267,0.938458684,0.448330785,-2.154141757,1.638460458,-0.356615415,-2.392338538,1.842339928,0.253287723
2023/1/3 7:15,2.831857813,8.57246347,0.953129088,0.56768914,-1.001939635,3.06384133,0.10130998,-2.615879184,1.214841867,0.312146572
2023/1/3 7:30,2.853635038,-0.568682755,1.172974433,1.246129103,-0.777867427,0.648523009,0.918649993,-2.603479106,0.424451795,0.962259738
2023/1/3 7:45,2.649437475,-0.603764339,0.867879576,1.695826445,-0.156320881,0.820021388,1.082609003,-2.409954208,-0.335412816,4.083367232
2023/1/3 8:00,1.818273783,0.186333415,0.596020874,1.978157211,0.332890662,0.62712241,1.804908126,-1.834067164,-1.090269959,-0.991986004
2023/1/3 8:15,3.576537454,0.883002553,0.862272154,1.527359517,0.965312716,0.139710539,2.257356211,-0.598582038,-1.812779305,-0.811470003
2023/1/3 8:30,0.16017597,0.617814483,0.493276333,2.103199992,1.296541525,-0.377067813,2.749981611,0.165692573,-2.193713805,-1.257531706
2023/1/3 8:45,-0.326001955,1.306965071,0.620358791,1.973540579,1.949579743,-0.993537696,2.886553583,1.002866924,-2.427704817,-1.308698072
2023/1/3 9:00,-1.523354467,1.172842392,0.442512366,2.083471515,2.075201008,-0.670844166,2.577371942,1.757158064,-2.283431126,-1.574541489
2023/1/3 9:15,-2.113724032,1.574051308,0.695961132,1.953326104,1.607188087,-1.290679175,4.653093823,2.289673412,-1.760728285,-1.219948184
2023/1/3 9:30,-2.97840312,1.498410734,0.354955439,1.591979667,1.917808744,-1.416399085,2.907148893,2.575083723,-1.397740557,-0.865298932
2023/1/3 9:45,-3.160885734,0.989981125,0.38645877,1.878733099,1.664127749,-1.337739375,2.644744801,2.587243435,-6.821348534,-0.894690449
2023/1/3 10:00,-2.911830159,0.728999703,0.173966311,2.316255942,0.892309914,-1.352369633,2.169083368,2.116443732,0.45266737,9.730807621
2023/1/3 10:15,-2.538637311,0.280701754,0.073013829,1.195676191,7.229578495,-0.76661132,2.103975715,1.528898777,1.390501959,-0.722708342
2023/1/3 10:30,-2.030240258,0.109581977,-0.488095604,1.064012792,-0.495130407,-0.552978033,1.315222026,0.616209653,2.139927982,-0.463420251
2023/1/3 10:45,-1.375037433,-0.420641866,-0.359312392,0.96339034,-1.184966268,0.002221662,0.613429688,-0.561238052,2.355475832,0.216102712
2023/1/3 11:00,-0.31486468,-0.94835106,-0.493076515,0.458590248,-3.793871986,0.16581188,0.490595991,-1.113277154,2.382444784,0.738768295
2023/1/3 11:15,0.862039722,2.271289979,-0.381837953,-0.023606127,-2.090058637,0.907485241,-0.590966097,-2.060098646,2.315323812,1.183580847
2023/1/3 11:30,1.584843505,-1.289782522,-0.831495614,-0.002463435,-1.958785501,1.154149946,-0.768599138,-2.664731634,1.51693887,0.921557748
2023/1/3 11:45,2.251182106,-1.257651102,-0.717262742,0.000618422,-2.172188766,1.037937403,-1.804881259,-2.647653067,1.309692219,1.171830919
2023/1/3 12:00,2.696272166,-1.615029719,-0.847719012,-0.799575632,-1.842254187,1.31109945,-1.50987579,-2.245323082,0.369879389,1.805929384
2023/1/3 12:15,2.856061579,-1.101542504,-1.091481558,-1.339550217,-1.525207121,1.353900893,-2.187438034,-1.862976159,-0.619637322,1.322940278
2023/1/3 12:30,2.733471032,-0.972628137,-0.82703955,-1.578567735,-0.998880212,1.250233078,-2.610114735,-1.203505301,-1.089798822,-12.32488473
2023/1/3 12:45,2.152177825,9.115165867,-0.76932919,-1.821815005,-0.477990723,0.903199189,-3.037908074,-0.291025407,-2.217496842,1.237756267
2023/1/3 13:00,1.928690429,-0.195661525,-0.643930561,-1.710667168,0.01729664,0.483035768,-2.641258068,0.717102985,-2.17359034,1.188799486
2023/1/3 13:15,1.308217585,0.267694249,-0.993550456,-1.807743485,0.693755875,-0.080503001,-3.091954636,1.499880538,-0.449655777,0.897421234
2023/1/3 13:30,-0.097757353,0.890076764,-1.254916633,-1.984103878,1.016349362,-0.293376983,-2.995568811,2.195027194,-2.044958353,0.060464905
2023/1/3 13:45,-0.731329599,1.007165458,-1.158660895,-1.890548481,-6.812918548,-1.091955282,-2.589630993,2.393486102,-1.528978642,0.121272312
2023/1/3 14:00,-1.586227174,5.408591573,-1.062190057,-1.721376222,2.101991324,-4.518207019,-2.138047832,2.533470587,-0.800742594,-0.44467087
2023/1/3 14:15,-2.62944639,1.036944376,-1.031171943,-1.980696169,1.98158259,-0.980155741,-1.677774955,1.915419467,-0.387446656,-0.46976699
2023/1/3 14:30,-2.539228048,1.218570836,-1.11061032,-1.406672775,1.606050895,-1.430744273,-1.290030483,1.651876521,0.758710141,-0.826154504
2023/1/3 14:45,-3.035581465,1.171657515,-0.849265268,-1.16474469,1.484452758,-0.941393506,-0.443988305,1.027156064,1.382389933,-1.311488408
2023/1/3 15:00,-2.609206217,0.90890053,-0.659110066,-1.125273334,0.901428144,-1.255676242,0.099787696,-0.021905937,-3.255544736,-0.985824074
2023/1/3 15:15,-2.361769141,0.801738991,-0.478709772,-0.896120703,0.306653,-1.300614248,0.592186743,-1.284106326,2.176329024,-1.288297823
2023/1/3 15:30,-1.603018542,-0.010753419,-0.881420713,-5.367329784,0.016843628,-0.132353072,1.070194342,-2.254812885,2.332925093,-1.382529093
2023/1/3 15:45,-4.495303835,0.1144543,-0.212271075,-0.17346225,-0.51636465,0.129250829,1.415921158,-2.252976659,2.137063856,-1.638756684
2023/1/3 16:00,-0.28005985,-0.599427779,-0.263337418,0.084989179,-1.166037691,0.412351217,1.95936517,-2.701363456,1.543350217,-1.265997172
2023/1/3 16:15,0.563394092,-1.20020619,-0.810225256,0.467716961,-1.560114892,-8.500130138,2.307521399,-2.356144741,1.210286727,-1.07032826
2023/1/3 16:30,1.787691432,-4.643983081,-0.245405576,0.35080886,-2.210761516,1.535499231,2.481732189,-2.406547972,0.094515172,-0.476100088
2023/1/3 16:45,2.241985619,-1.737979705,0.126285093,1.038865111,-2.184149237,1.586593432,2.864713512,-1.271186594,-0.528614414,-0.577957006
2023/1/3 17:00,2.647894159,-1.151915831,0.129707528,1.496669961,-1.823977679,1.222037309,2.90315187,-0.27417538,-1.545788991,-0.155131739
2023/1/3 17:15,2.843125121,-1.475384021,0.204798328,1.472497244,-1.832324505,1.335406856,3.003335342,0.61069248,-2.058791312,0.256292755
2023/1/3 17:30,2.882930112,-0.939124067,0.275969396,2.377020095,-1.29595357,1.183434744,2.658936165,1.119133707,-2.30970337,0.75756752
2023/1/3 17:45,2.296555948,-0.610127605,0.330345149,1.73602115,-0.873335224,0.419464095,2.46309177,2.163954872,-2.250017132,1.128345747
2023/1/3 18:00,1.721559519,-0.397675084,0.555811453,1.805071364,0.053712475,0.112745066,1.93238218,2.669490924,-1.975595339,0.860704921
2023/1/3 18:15,0.769378328,0.159350851,0.534533015,2.122515397,-1.446277129,0.062417188,1.350163198,2.456123354,-1.474199858,1.121405823
2023/1/3 18:30,-0.226152258,0.338011835,0.630248986,-6.795402452,1.19242839,-0.278430638,1.1118502,2.377777212,-0.587397861,1.210138157
2023/1/3 18:45,-1.033466342,0.948810489,1.12806743,1.591339626,1.542931138,-0.791726587,-1.296908496,2.075018514,-0.087850018,1.5938867
2023/1/3 19:00,-2.293606268,1.427775801,0.845276466,1.477345524,1.809572387,-1.299603802,0.052628092,0.963520006,1.021091643,4.445991283
2023/1/3 19:15,-2.455408128,1.667798633,1.046688742,1.225382284,2.303946398,-1.611899927,-0.589312734,0.308567671,1.583688359,1.26097437
2023/1/3 19:30,-2.591036499,1.073282744,1.057487124,1.152887627,-1.054051701,-1.333484802,-0.930824281,-0.478486373,2.356069947,0.469964076
2023/1/3 19:45,-2.786240059,1.057240257,0.999471473,1.182633626,1.325820636,-1.174226112,-1.979240303,-1.7568213,2.151491651,0.734218416
2023/1/3 20:00,-3.039733828,0.924877851,1.196611216,0.702604559,1.477799593,-1.234204524,-2.231966171,-2.391419515,2.59352361,0.802082431
2023/1/3 20:15,-2.117496978,0.422858019,1.184889691,0.524133734,0.68204089,-0.639304172,-2.759445657,-2.644412451,1.728897774,0.284839182
2023/1/3 20:30,-1.331953497,0.3208424,0.555102003,-0.124946151,0.286595054,0.25558229,-2.573224949,-2.538596502,1.448321963,-0.154571595
2023/1/3 20:45,-0.619510593,-0.223306254,1.077928745,-0.399644466,-0.530705171,0.267587171,-2.507626834,-4.467089349,0.792650126,-0.412682322
2023/1/3 21:00,0.260035809,-0.342238634,0.83256002,-0.77390297,-0.810892128,0.675420703,-3.18068626,-2.078663125,0.009006536,-1.005845383
2023/1/3 21:15,1.260382797,-1.55248484,0.577923,-0.88984465,-1.486925346,-2.312728606,-2.511600328,-1.272000012,-0.898702051,-0.942051836
2023/1/3 21:30,2.034409363,-1.349742038,0.639157525,-1.049652196,-1.906348577,1.48578362,-2.71729438,0.110087949,-4.083879384,-1.148362774
2023/1/3 21:45,2.501454015,-2.274131616,0.703592274,-1.496965172,-1.412966864,1.147676886,-2.306734195,1.191879379,-1.834027988,-1.779932119
2023/1/3 22:00,3.261925174,-0.966537049,0.348134461,-1.645113339,-2.725578808,1.354595815,-8.873527366,1.863076108,-2.259823493,-1.47607908
2023/1/3 22:15,2.886572758,-1.181603528,0.699059671,3.964543003,-1.504950032,1.018715307,-5.354547296,2.31184297,-1.905987498,-1.42463527
2023/1/3 22:30,2.721967889,-0.851697832,0.455585411,-2.05121311,-1.162548711,0.760040099,-1.348368615,2.598031585,-1.876902909,-0.797848905
2023/1/3 22:45,1.926588062,-0.665042315,1.55946515,-2.147402997,-1.191875984,-0.927461027,6.463871155,2.620129516,-1.624250168,-0.782636662
2023/1/3 23:00,1.169836193,0.063967644,0.124929779,-2.038604823,0.054509379,-0.079659515,-0.002941858,1.865432051,-0.425979675,-0.5459122
2023/1/3 23:15,0.209569668,0.142419053,0.087713413,-1.860370433,0.350099308,-0.275280805,0.758045608,1.513373225,0.292050896,-0.281309965
2023/1/3 23:30,-0.110529694,0.766520333,0.016018769,-2.152587007,0.831994625,-0.893329524,1.253824143,0.560377037,0.79275325,-0.165191469
2023/1/3 23:45,-1.560090707,0.886400286,-0.338460328,-1.702790187,1.477181656,-1.332813665,1.58932602,-0.247268715,1.581522247,0.50594569
2023/1/4 0:00,-2.247421693,0.946208189,-0.586790608,-1.236166817,1.767417459,-1.195206337,1.921881929,-1.388189881,1.350099457,0.658774015
2023/1/4 0:15,-2.598081098,1.383905347,-0.398215528,-1.339034715,1.814276039,-1.392820288,2.561696589,-2.128106434,2.470603629,0.806458104
2023/1/4 0:30,-3.014924302,1.202394575,-0.573665454,-0.594816465,1.774703978,-1.366663477,2.894232786,-2.298002641,2.099611429,1.15129073
2023/1/4 0:45,-2.587534562,1.320323341,-5.928258518,-0.200673025,1.918387149,-0.973710191,2.847953825,-2.579221986,2.217962779,1.229714818
2023/1/4 1:00,-2.381225081,1.269855592,-0.973064157,-0.172410944,1.456703279,-0.957612283,2.422812702,-2.236889988,1.516752206,1.060398081
2023/1/4 1:15,-1.749030428,1.104323183,-0.994617121,0.01184107,0.594814763,-0.228465259,2.862537381,-6.578366793,0.698547386,1.232995723
2023/1/4 1:30,-1.114260732,0.308027651,-0.767232707,0.244185257,0.489299063,0.225167925,2.516816028,-1.138204233,-0.394072341,1.351161972
2023/1/4 1:45,-0.530265901,-0.175354669,-0.956300004,0.476934836,-0.226510902,0.257759472,2.342979,0.089464118,-5.680888452,0.890487869
2023/1/4 2:00,0.280149086,-0.268075906,-1.145064349,1.259654398,-1.191398503,0.707221545,2.401351812,0.338366613,-1.757601067,0.669828941
2023/1/4 2:15,1.20441527,-0.718022724,-0.87370238,1.879681535,-1.747906446,1.189558558,1.043395758,1.680857096,-2.036409981,0.995925261
2023/1/4 2:30,2.077426413,-0.8534917,-0.916754153,1.636269272,-1.736680653,1.028078672,1.158774813,2.316759178,-2.494492445,0.099308448
2023/1/4 2:45,2.965564939,-1.053408169,-1.151466845,1.892985317,-2.058168104,1.114399752,0.266567156,2.460160318,-2.310210296,0.101471263
2023/1/4 3:00,2.979531265,-1.621084466,-0.934276795,2.116298194,-2.029851033,0.923854028,-0.083714405,2.637012054,-2.115260492,-0.566342542
2023/1/4 3:15,2.794340507,-1.405067217,-1.002920994,2.117855077,-1.840819817,1.316256417,-1.054150776,2.212780538,-1.462745989,-0.811838638
2023/1/4 3:30,2.495632276,-1.544629801,-0.774075859,2.006828175,-1.45809981,0.595204314,-1.341051176,2.06414813,-0.777332883,-0.822414269
2023/1/4 3:45,2.24293147,-0.744495527,-0.993896377,2.039559868,-1.292242227,0.481354959,-1.788882764,0.743425247,0.515373932,-1.043285031
2023/1/4 4:00,1.526590804,-0.71204087,-0.937298988,1.444747557,-0.381323918,-0.122596632,-2.30488929,-0.288301118,1.098030963,-1.13449994
2023/1/4 4:15,0.131152969,-0.064278936,-0.341136389,1.759460067,0.289827949,-0.225743527,-4.150603758,-0.827326765,1.908049302,-1.369378914
2023/1/4 4:30,-0.799247163,0.308783817,-5.353045638,1.516664661,0.834250028,-0.803255388,-3.08280943,-1.377723594,2.141726639,-1.556764881
2023/1/4 4:45,-1.408254076,1.188668282,-0.46197044,1.172706592,1.252864111,-1.192183257,-2.914825832,3.00150658,2.300088499,-1.531316617
2023/1/4 5:00,-2.389200204,1.119705741,-0.119424452,1.202625804,1.450336115,-1.16789005,-3.271214181,-2.563959169,2.10438027,-0.950814038
2023/1/4 5:15,-2.543243214,0.986069573,0.150391543,0.391218701,1.935423765,-1.628202314,-2.872621357,-2.300921477,1.556961825,-0.96739347
2023/1/4 5:30,-2.786168682,1.507050191,0.087471802,0.195674595,1.825586543,-1.045614336,-2.383614837,-1.815147132,0.959290725,-0.757792441
2023/1/4 5:45,-2.834636967,1.309633524,-0.101810786,-0.239650764,1.663489537,-1.262002186,3.683491995,-1.542061079,0.392763139,-0.446681742
2023/1/4 6:00,-2.434121035,1.340122598,0.125019252,-0.486063219,1.492034627,5.149633724,-1.584307707,-0.342336587,-0.646792466,0.29554198
2023/1/4 6:15,-1.517718886,1.024697172,10.25454203,-0.914050774,1.105423532,-0.627643747,-1.337583371,0.593613305,-1.191178338,0.298810874
2023/1/4 6:30,-0.983540391,0.628334466,0.337981724,-1.331801192,0.565063057,0.131485064,-0.736071085,1.205474853,-1.841917599,0.493872546
2023/1/4 6:45,-0.369534433,0.36814279,0.635297879,-1.547084559,-0.509926559,0.362971735,-0.516947299,1.881353365,-2.06586184,0.815707451
2023/1/4 7:00,0.973507535,0.002483404,0.338012328,-1.849375777,-0.546251696,0.994030109,-0.09734028,1.932872684,-2.350726463,1.211781908
2023/1/4 7:15,1.636022463,-0.825866881,0.670659735,-1.591193775,-1.210737701,1.253969987,0.788960526,2.444803553,-2.24783636,1.170937245
2023/1/4 7:30,2.499621195,-0.69496575,0.616416206,-1.847585411,-1.786867051,1.141187933,1.512616685,2.410195551,-1.680431119,1.497338778
2023/1/4 7:45,2.603065948,-1.252966986,0.773245872,-4.815776307,-1.930931361,1.324404362,2.010787888,2.079217876,-1.149837368,1.534258606
2023/1/4 8:00,2.894037991,-1.05684742,1.208856136,-2.170116247,-1.854277462,1.114243247,2.19869983,1.003900773,-0.494803861,1.436973162
2023/1/4 8:15,2.497359208,-1.02005587,0.94248317,-2.036779647,-2.032896944,1.088501062,2.954838552,0.535454728,0.564128035,0.775870993
2023/1/4 8:30,2.241145374,-1.358198717,0.677137349,-2.225436035,-1.478501029,1.761078485,2.899773463,-0.603389717,1.377680976,1.362677726
2023/1/4 8:45,1.858422332,-1.030053252,0.817047753,-1.465427815,-0.951327529,0.326039456,2.885162531,-1.788020788,2.127825896,0.561139283
2023/1/4 9:00,-6.500304833,-1.041928358,1.080362562,-1.460141623,-0.66884237,-0.024175142,2.630023024,-2.215923515,1.94819267,0.652180924
2023/1/4 9:15,-0.082624614,0.175605164,1.078792495,-1.322583386,0.383672692,-0.90434605,2.562567702,-2.695255114,2.223314704,0.187179336
2023/1/4 9:30,-1.146893135,0.221195047,1.558352081,-1.106669827,0.890655745,-1.24573993,2.429255933,-2.756548467,2.177918411,0.425149828
2023/1/4 9:45,-1.774884875,0.352701625,1.039518164,-0.512279176,0.705547924,-1.461536372,2.310700856,-2.412610967,1.858114833,-0.51270805
2023/1/4 10:00,-2.365969347,10.1563465,1.379672243,-0.605957235,1.456983061,-1.45882554,2.04610465,-2.145608804,0.956270823,-0.753861309
2023/1/4 10:15,-2.680453044,1.500451185,-2.364449589,0.332584179,0.418017947,-1.424008691,0.969901774,-0.947001501,0.004429564,-0.928426664
2023/1/4 10:30,-2.731127567,1.703692326,0.380250101,0.708182703,1.930406812,-1.332747274,0.717682455,-2.473006442,-0.290345446,-16.43679673
2023/1/4 10:45,-2.666269646,1.173723684,0.435611627,0.566726723,1.713082304,-0.708753164,0.015424496,1.187845634,-1.409583852,-1.735435683
2023/1/4 11:00,-2.091846911,1.130069503,0.348445366,1.318362492,1.537574319,-0.27994414,-2.298024874,1.395144811,-1.960958847,-1.545282599
2023/1/4 11:15,-1.676880704,1.359345221,0.783040057,1.717343879,1.247027929,0.053035102,-0.951056985,2.081467112,-2.362742042,-1.410834673
2023/1/4 11:30,-0.79313969,0.708217129,0.243830251,1.224824287,0.532473089,0.573006777,-6.971869195,2.556798093,-1.972307946,-1.077831152
2023/1/4 11:45,0.13574547,0.100998575,0.262886443,1.942838674,0.190145157,0.780170477,-2.126808015,2.678980168,-2.159044879,-0.981108622
2023/1/4 12:00,0.873054065,-0.605514919,0.319947242,1.980272101,-0.508045021,1.153870387,-2.561709495,2.208646712,-1.532576645,-1.114040594
2023/1/4 12:15,2.07186275,-0.582666648,-0.19336767,1.733279482,-1.279521059,1.162310812,-2.497380536,1.276033393,-2.004362572,-0.224664645
2023/1/4 12:30,13.2539275,-1.265222292,-0.103677383,2.339042495,-2.082758642,1.345938762,-3.104645648,0.554019486,-0.126508961,-0.159239309
2023/1/4 12:45,2.739847536,-1.023017856,-0.239735528,0.99639349,-1.736414255,1.305374039,-2.870651923,-0.186980658,0.574206516,0.2704484
2023/1/4 13:00,2.485477261,-1.202165103,-0.458121865,1.801677509,-2.364245869,1.197393723,-2.93703691,-0.983024718,1.345111053,0.296466399
2023/1/4 13:15,2.923097608,-1.242474591,-0.724152285,2.030787314,-1.761857365,0.73541796,-2.668124745,-1.996276295,2.004926481,0.885739839
2023/1/4 13:30,2.123125619,-1.007470696,-0.373770275,1.565153753,-1.602264284,0.524938446,-2.57749132,-2.163647796,2.733694916,0.976327967
2023/1/4 13:45,1.284630121,-1.078699646,-0.958395275,1.217823467,-1.06770225,-0.057571275,-2.145303187,-2.960607642,2.140535303,1.360332501
2023/1/4 14:00,0.746606997,-0.416896571,-0.721876963,0.878732037,-0.263176997,-0.790029329,-1.62284838,-8.250774269,2.017302214,1.506855918
2023/1/4 14:15,-0.531478206,-0.530832734,-0.626550653,0.542528277,-0.094212406,-0.514859042,-0.957326792,-1.890690023,1.572984992,1.341912641
2023/1/4 14:30,-1.467902418,0.379145765,-1.119619901,0.257175944,0.503547899,-1.123136376,-0.348556805,-1.437776944,1.284980145,1.374235134
2023/1/4 14:45,-1.936633074,0.64692205,-0.668195956,0.568703906,1.108086034,-1.644943197,0.041735726,-0.190478262,-0.031701957,1.261440057
2023/1/4 15:00,-2.508302706,0.600033658,-1.028056697,-0.609761577,1.539961988,-1.203339462,0.722844353,0.687155319,-0.920147606,1.399800642
2023/1/4 15:15,-2.708643286,1.160571054,-0.84190119,-8.362805606,1.673789248,-8.112415888,1.393438388,1.021876885,-1.507105477,0.626449891
2023/1/4 15:30,-2.852255808,1.245051562,-0.90042896,-1.756484974,2.1971205,-0.781217658,1.956409032,2.182207517,-1.85205791,0.454577012
2023/1/4 15:45,-2.430584552,0.053935885,-0.961322937,-1.461247432,2.077878974,-0.904721125,1.763605505,2.874014484,-2.01462912,0.257930235
2023/1/4 16:00,-2.367062718,1.117569874,-1.059428548,2.318273839,1.914744222,-0.590238141,2.555452211,10.48834912,-2.508926629,0.032021822
2023/1/4 16:15,-1.330547938,1.287763953,-1.056601116,-1.725065871,1.735094121,0.381845023,3.014834019,2.172133771,-1.982860457,-0.53303682
2023/1/4 16:30,-0.187260565,1.061811525,-0.840161828,-2.136962838,0.544795888,0.01991022,3.212560848,1.989631781,-1.470579376,1.147302949
2023/1/4 16:45,0.60114416,0.538344589,-1.076157906,-1.924449535,0.060712606,0.553791087,2.860237058,1.254729394,-0.768478587,-0.852002369
2023/1/4 17:00,1.159627891,-0.119908963,-0.866840675,-2.050750659,-0.337294059,1.06552977,2.884422894,0.205844089,-0.405209494,-1.142146783
2023/1/4 17:15,2.104241349,-0.27964826,-0.772928823,-2.070418731,-1.195521236,1.779474969,2.665977939,-0.566412874,0.635661291,-1.570991382
2023/1/4 17:30,2.479311924,-0.880003358,-0.416161432,-2.048758543,-1.531091403,1.495459637,2.077254627,-1.478255928,1.659951207,-1.385195293
2023/1/4 17:45,3.223843242,-1.564138048,-0.501318197,-2.034514728,-2.010282139,1.201783242,2.262228406,-2.815138388,1.987260148,-1.516521819
2023/1/4 18:00,3.097134764,-1.504818527,-0.262207563,-1.449572816,-1.693864229,0.942825288,1.413333859,-2.617118183,2.566507565,-0.844161856
2023/1/4 18:15,2.705471247,-1.234447712,-0.191392517,-1.417069979,-1.794540114,0.876294685,0.706963673,-2.60830315,2.202990837,-1.109680606
2023/1/4 18:30,2.033130264,-1.451780124,-0.128162017,-1.084499883,-1.983631096,0.339128348,0.550334975,-2.309149586,2.052187337,-0.881205853
2023/1/4 18:45,1.246268267,-1.233072503,-0.129486306,-1.151143654,-1.322717864,-0.084626006,-0.473341162,-1.403726825,1.344108614,-0.599852581
2023/1/4 19:00,0.549279255,-1.03113984,-0.028545313,-0.65288215,-1.12160743,-0.793070145,-0.956074834,-0.279252506,0.505708073,-0.108461964
2023/1/4 19:15,-0.504170838,4.779403558,0.627239784,-0.155129357,-0.38471357,-1.115003782,-1.121265084,0.420857168,0.02497985,0.320632835
2023/1/4 19:30,-1.432281216,-0.163933001,0.828989412,5.611310987,0.499218832,-1.427141889,-1.727658744,1.301809922,-0.947030447,0.35147418
2023/1/4 19:45,-2.111203345,0.467876175,0.650272538,0.985016859,1.327023013,-1.211809881,-2.214745873,1.684988339,-1.691378366,0.83232411
2023/1/4 20:00,-2.539873166,0.471104101,0.423801909,0.921953651,1.537478059,-1.659203454,-2.438924556,2.213063608,-1.843878847,1.055252453
2023/1/4 20:15,-2.770072802,1.150441539,0.692100217,1.085751453,1.982161769,-1.375275428,-2.732106096,2.414842193,-2.636202478,-1.63937992
2023/1/4 20:30,-2.977240544,1.075924154,1.01205836,1.375879287,2.155963532,-0.971315902,-2.906087313,2.222438766,-2.591177298,1.506010801
2023/1/4 20:45,-2.565085289,1.347209707,0.784088762,1.830718453,2.022257085,-0.421990851,-3.100616507,2.011728067,-2.080341569,1.594700648
2023/1/4 21:00,-2.308425467,1.622098796,1.079309658,2.089891697,1.334431214,0.195950112,-2.788259855,1.369955866,-1.528992604,1.469070673
2023/1/4 21:15,-0.936396451,1.20813723,1.058576025,2.021198225,1.651403446,0.600075991,-2.379732829,0.380827265,-0.731086305,1.358203881
2023/1/4 21:30,-0.480307752,0.866217922,1.137833706,2.167454619,0.91173735,0.885017447,-2.174183329,-0.576327707,0.449571009,1.248814412
2023/1/4 21:45,0.477910349,0.576867916,0.79861247,2.131794831,-6.880893664,1.098003911,-1.693107934,-1.089543032,0.9829935,0.926102949
2023/1/4 22:00,1.683492021,0.029311517,0.61208659,1.631452842,-0.168155373,1.332502382,-0.869955106,-1.903371249,1.165415035,0.301365719
2023/1/4 22:15,2.311082555,0.069718501,1.172401791,1.661728572,-0.579697638,1.176799982,-0.871867136,-2.435154813,6.536764291,-0.070191669
2023/1/4 22:30,2.519762402,-0.630922111,1.002588468,7.56564108,-1.52247765,1.646500167,-0.193136191,-2.481191905,2.545811249,-0.317462074
2023/1/4 22:45,2.884124363,-1.2896633,0.963315339,1.999280492,-1.983628556,1.091112356,-0.021476784,-2.468706298,2.492168453,-0.208221288
2023/1/4 23:00,2.671571424,-1.087592933,0.883853901,1.250348117,-1.98033699,0.892866699,1.263351037,-1.977375002,2.073188041,-0.745267271
2023/1/4 23:15,2.070243635,-1.537884939,0.282903875,0.869047198,-2.162235005,0.348221306,1.576513782,-1.152910795,1.269142454,-1.012304905
2023/1/4 23:30,2.021930572,-1.288824652,0.706366762,0.516192276,-2.046522502,-0.064384022,1.958080799,-0.375460863,0.481955528,-1.462881844
2023/1/4 23:45,0.872488107,-1.348525191,0.983237291,0.101789329,-1.811405305,-0.649889388,2.250526446,0.983841176,-0.138951091,-1.238651897
2023/1/5 0:00,-9.618462576,-0.794374612,2.513889273,-0.315836441,-0.900006025,-0.999903504,2.762202889,1.470314469,-12.16679319,-1.809010426
2023/1/5 0:15,-0.928904552,-0.577047583,0.170894023,-0.574475087,-0.31773826,-1.071443903,3.21449992,2.094873317,-1.864625433,-1.181703541
2023/1/5 0:30,-1.678797771,-0.192779193,0.232601302,-0.619968861,0.186866908,-1.275826598,2.789096885,2.47557969,-2.327686941,-0.853012712
2023/1/5 0:45,-2.103962969,0.121233542,0.21855538,-1.25180347,0.828600232,-1.37171207,3.035873193,2.186310885,-2.433969595,-0.773213715
2023/1/5 1:00,-2.56251655,0.350823662,-0.251316839,-1.348648876,1.237650556,-1.414390632,2.709463522,2.050808738,-2.218433845,-1.041543724
2023/1/5 1:15,-3.105328333,0.576285739,0.111437968,-1.554891386,3.944502748,2.090158562,2.578623886,1.569607432,-2.055666845,-0.724118937
2023/1/5 1:30,-2.562869317,1.188565725,-0.218816519,-1.976881982,1.506338652,-1.04307606,2.257695784,0.822855594,-1.127409545,-0.398348495
2023/1/5 1:45,-2.494119231,1.347491324,-0.282802319,-2.044941289,2.01070884,-0.549138931,2.048791827,-0.51052527,-0.676079925,0.216894808
2023/1/5 2:00,-1.546082203,1.184187649,-0.256450308,-1.988086777,1.837674031,0.108279485,1.246855077,-3.846221746,0.680663579,0.472472523
2023/1/5 2:15,-0.521000214,1.482480823,-0.197486604,-2.071193747,1.510964907,0.553245911,-6.027464135,-1.710932443,1.191987956,1.042273906
2023/1/5 2:30,0.611555649,0.908736031,-0.145342545,-2.085633074,1.050500911,0.963471506,0.326942486,-2.325517541,1.956598902,1.077063496
2023/1/5 2:45,0.835917504,0.737773472,-1.026765055,-1.950853727,0.431905849,0.953876239,-0.495941294,-2.690503595,2.106334097,0.977127524
2023/1/5 3:00,1.543119358,0.267782252,-0.969537286,-1.932993401,-0.084212115,1.463685541,-0.908134914,-2.55297515,2.409953161,1.245598623
2023/1/5 3:15,2.564853162,0.213241812,-1.257147288,-1.052514357,-0.537681987,1.730148099,-1.770798014,-1.911386455,2.628882007,1.384113752
2023/1/5 3:30,-2.484705802,-0.190801394,-1.330288499,-1.314558949,-0.966024581,1.269394793,-4.248133396,-1.330851098,1.466613658,1.49620444
2023/1/5 3:45,3.136598656,-0.934591925,-1.034735692,-0.703729874,-1.639105061,1.558479567,-2.404387864,-0.607060681,0.997180814,1.337986225
2023/1/5 4:00,2.540104244,-1.134877909,-1.215155754,-0.678702272,-1.770653001,0.699805467,-2.177641067,0.563158298,0.540762671,0.821931991
2023/1/5 4:15,2.129413544,-1.53270498,-1.120009275,-0.659109245,-2.155549771,0.292075816,-2.948908929,1.107660991,-0.269528779,1.073942884
2023/1/5 4:30,1.716719216,-1.593525758,-1.020504053,0.412035575,-1.949694304,-0.364324069,-3.122663036,2.562857352,-0.957970941,0.348311018
2023/1/5 4:45,0.521814068,-1.312891584,-1.194204881,0.540562116,-1.699991744,-0.483934252,-3.035708829,2.583499899,-1.329957366,0.26073968
2023/1/5 5:00,1.608167135,-1.115047898,-1.233890213,0.446384947,-1.448182228,-0.796830221,-2.318983965,2.423625818,-2.243041811,-0.130981129
2023/1/5 5:15,-1.377067093,-0.735447708,-1.214404318,1.182028669,-0.256624314,-1.003942653,-2.536512212,2.233791517,-2.169231462,-0.723503583
2023/1/5 5:30,-2.037411134,-0.437890557,-0.909185379,1.53154529,-0.03890218,-1.339793943,-2.065122131,1.721660039,-2.079081638,-0.854264347
2023/1/5 5:45,-2.615091034,0.194640244,-0.694414985,1.356331166,0.538625133,-1.234452469,-1.541224337,0.794861469,-1.566861123,-1.058879684
2023/1/5 6:00,-2.620698596,1.589887383,-0.647163334,2.009285837,1.111722277,-1.311201509,-1.149127145,0.371565328,-1.210748806,-1.25825473
2023/1/5 6:15,-2.741385686,1.088099587,-0.617215425,6.37394851,1.545323289,-1.11907151,-0.605140346,-0.531560441,-0.264517529,-1.342765388
2023/1/5 6:30,-2.5101044,0.938455432,-0.702568767,2.088772725,1.708515604,-0.861421464,0.152960759,-1.278834136,0.282831693,-1.360168305
2023/1/5 6:45,-1.863614241,1.350019262,-0.587167786,2.209873059,1.403690403,-0.409425552,0.554684287,-2.243540101,1.494153,-1.556587856
2023/1/5 7:00,-1.386846637,1.271412706,-0.55670826,2.227442253,2.114213109,0.179144844,1.258415704,-2.418061645,2.028411253,-1.067333002
2023/1/5 7:15,-0.189613971,1.329422931,0.10248058,1.889519929,1.741147765,0.764730804,1.867376289,-2.36853186,2.366589991,-0.912932676
2023/1/5 7:30,0.565721901,1.046155724,0.146525084,1.576065115,1.464650951,1.035900836,2.094410484,-2.679816143,2.592518553,-0.485832641
2023/1/5 7:45,1.343978938,0.95259183,0.367623381,1.38638949,0.927934389,3.851004119,2.27867933,-1.716807508,3.021854865,-0.733673299
2023/1/5 8:00,2.081654417,0.486166887,0.098589392,1.45027135,0.289390471,1.234520911,2.618932308,-0.896796617,2.041286229,-0.406464726
2023/1/5 8:15,2.443666433,-0.340165071,0.377297626,1.248014197,-0.55558493,1.074422414,3.066709868,0.317968828,1.016912371,-0.146260604
2023/1/5 8:30,2.887918435,-0.496960198,0.042678294,0.874553004,-1.053104398,1.391159372,3.097799158,0.927674741,-0.043073952,0.315903749
2023/1/5 8:45,2.996990588,-1.114277291,0.43297083,0.143024872,-1.116456696,0.998835168,2.596841651,1.97795187,-0.677221068,0.935515666
2023/1/5 9:00,2.759645369,-0.639503319,0.608635579,-0.099301692,-1.639516593,0.793060087,2.840034776,1.904032868,-1.177744024,0.835545991
2023/1/5 9:15,1.950101044,-1.064410682,0.880655964,-0.278456505,-1.392798155,0.619919525,2.71175735,2.481880483,-2.317915007,1.55583086
2023/1/5 9:30,1.446470479,-1.2467718,0.66516411,-0.260842583,-1.823019589,-0.179038844,1.80014682,2.671909629,-2.505751525,1.353642745
2023/1/5 9:45,0.454024065,-1.381672211,0.954830357,-0.911807744,-1.727705179,8.564791225,1.330628143,2.054096979,-2.52948474,1.436918034
2023/1/5 10:00,-0.466568232,5.214241065,0.688309152,-1.184270542,-1.117023319,-1.058334826,1.332287144,1.655756271,-1.810449411,1.28421968
2023/1/5 10:15,-1.613115662,-0.882559347,1.249625701,-1.515391956,-1.002968549,-1.224170462,0.483788018,0.688874769,-1.71975435,1.160481329
2023/1/5 10:30,-2.135855537,-0.734944568,0.992711425,-1.76665015,-0.142121246,-4.968753645,-0.382893303,-0.35554865,-0.982838079,5.116304376
2023/1/5 10:45,-2.530220627,-0.142176684,3.865356178,-1.502207224,0.545203277,-1.26948978,-0.528521312,-1.21399262,-0.055700448,0.801046602
2023/1/5 11:00,-2.796072037,0.442269328,0.86612703,-2.106977192,0.741608846,-1.507511638,-1.173992696,-2.487848168,0.699422922,0.478840343
2023/1/5 11:15,-2.811348365,0.894238511,0.808214542,-1.952144853,1.510776898,-0.800774227,-1.725729096,-2.368169779,1.615435973,0.109444601
2023/1/5 11:30,-2.288598227,1.06636212,0.95175501,-1.793006854,1.629617449,-0.941632034,-2.22747506,-2.531829751,1.802645903,0.092822008
2023/1/5 11:45,-2.026235206,0.8824591,1.219131078,-2.119132434,2.098560946,-0.222676097,-2.688114968,-2.031758067,2.715635268,-0.49647315
2023/1/5 12:00,-1.560503745,1.496645656,0.725712855,-2.316713285,2.242887657,0.109686519,-2.565298583,-2.011179215,2.624802928,-0.696256565
2023/1/5 12:15,0.490558479,1.505850612,0.888158926,-1.729342555,1.998179979,0.835057983,-2.725632526,-1.240704021,2.19871143,-0.903122065
2023/1/5 12:30,0.360705668,1.554106806,0.725907807,-1.433138081,1.551314414,0.744542531,-3.146571053,-0.261257721,1.665560864,-1.082549637
2023/1/5 12:45,1.730191539,0.813257037,0.128219203,-1.039222414,1.22025847,1.375078883,-2.334012736,0.621218703,1.231789236,-1.469432745
2023/1/5 13:00,2.672518349,0.971134928,0.346262365,-7.907262809,0.537590205,-1.883799641,-2.520817874,1.486478098,-0.352044882,-1.398577909
2023/1/5 13:15,2.601037466,0.20120843,0.617741863,-0.522956491,-0.214607691,1.93820672,-2.132560261,2.327091914,-0.692148727,-1.432037089
2023/1/5 13:30,2.674047493,-0.300688537,0.262207949,0.036388553,-0.671386896,1.457109285,-2.160901517,2.378934087,-1.586153859,-1.265735555
2023/1/5 13:45,2.706974151,-0.982063175,-0.164420029,-0.117969701,-1.284612412,0.968270201,-1.634838682,2.687053305,-2.058246268,-1.028847074
2023/1/5 14:00,2.472788482,-1.244467649,-0.13779314,0.947204321,-1.838675718,0.511431531,-1.0638626,2.45673506,-2.300891207,-0.475214573
2023/1/5 14:15,1.826063492,5.268422933,0.081533843,0.509062914,-1.791082506,0.06483426,-0.584054522,1.596898398,-2.497752918,-0.327937375
2023/1/5 14:30,0.801011089,-1.197314944,-0.119531652,0.870890506,1.144792296,-0.278481051,0.120189817,1.357254596,-2.033703999,-0.110422105
2023/1/5 14:45,0.019540221,-1.236505018,-0.21682881,1.419817263,-1.630396737,-0.355835776,1.024462664,-0.047136267,-1.93735792,0.008830862
2023/1/5 15:00,-0.953917149,-1.291368751,-0.211264715,1.900127619,-1.576035008,-1.240110966,1.352374591,-1.247717695,3.359295824,0.573037391
2023/1/5 15:15,-1.53209889,-0.985299982,-0.58074189,1.919819808,-1.249056892,-1.164725559,2.204360644,-1.703083853,0.003719187,0.678384936
2023/1/5 15:30,-2.273408021,-0.31640597,-0.96472225,2.173703532,-0.576396259,-1.346977781,2.390570782,-2.402952586,0.673581058,0.938207785
2023/1/5 15:45,-2.829290043,-0.11262651,-0.971753341,2.140041205,0.040832637,-0.992948485,2.271414898,-2.342184461,1.34510659,1.426698207
2023/1/5 16:00,-2.701743502,0.010378909,-0.655774682,2.398986917,0.510827658,-0.76018324,3.141626511,-2.699950259,2.226395182,1.314204107
2023/1/5 16:15,-2.780192331,0.778556203,-0.660658252,2.152009902,1.284658763,-0.907232123,2.850255927,-2.288555439,2.293116925,1.480395012
2023/1/5 16:30,-2.200164859,0.578291813,-0.787992315,1.600100565,2.000477822,-0.325942091,2.776890892,-1.475585438,2.35267785,1.036397587
2023/1/5 16:45,-1.795070501,1.353953949,-0.913652081,1.905246077,1.444775982,0.238829025,2.833337072,-0.610478988,1.962258292,1.417921558
2023/1/5 17:00,-0.872437311,1.304100105,-0.761380282,1.311059961,1.770466514,0.489427479,2.501354679,0.365511602,1.373972324,-0.463747074
2023/1/5 17:15,0.393160148,1.509853148,-1.055592621,1.095411302,1.851733936,1.007982067,1.895999163,0.858642936,0.93214289,0.488713309
2023/1/5 17:30,0.967471311,0.874118855,-0.901647892,0.73285507,1.537146668,0.564498285,5.616871116,2.316553299,-0.003827189,0.620947895
2023/1/5 17:45,1.565862211,0.730880489,-0.735167226,0.934499362,1.069434682,1.347598528,1.24025249,2.277195481,-0.975432183,-0.150996687
2023/1/5 18:00,2.365028654,0.876156605,-1.150638398,-0.126458879,0.890739982,1.452492791,0.689899713,2.487680072,-1.377857985,-0.383381399
2023/1/5 18:15,3.005803238,0.362778617,-0.823065173,-0.268696211,0.06525792,1.147597354,0.104617492,2.435721387,-1.690900332,-0.305150893
2023/1/5 18:30,2.917299385,-0.106082646,-0.891710057,-0.652550993,-0.875675988,0.818208064,-0.619836041,2.111807788,-2.257746355,-0.989537145
2023/1/5 18:45,2.470394766,-0.450464074,-0.766357899,-0.605126128,-1.153935775,0.3991304,-0.73413164,0.995461298,-2.148688704,-0.688518954
2023/1/5 19:00,2.63432142,-0.797516233,-3.228406241,-0.90278653,-1.203270911,0.671019551,-1.818867352,0.306876303,-2.489671495,-1.297193949
2023/1/5 19:15,1.89561892,-0.75885825,-0.415189439,-1.555750112,-1.887699211,-0.371823372,-2.05165397,-0.769351241,-1.197340249,-1.331029177
2023/1/5 19:30,0.557067368,-1.698432015,-0.650416475,-1.561912507,-2.0607948,-0.287509411,-2.073612211,-1.592764763,-0.698072258,-1.462360835
2023/1/5 19:45,-0.280762013,-1.377767156,-0.739186239,-1.632652659,-1.917359551,-1.239927675,-2.738039987,-1.92674704,0.391887425,-1.508915611
2023/1/5 20:00,-0.769364995,-1.396119866,-0.375808315,-1.875259751,-1.653038194,-1.184856277,-2.890526021,-2.348791278,0.78375697,-1.509940889
2023/1/5 20:15,-1.794384802,2.192650412,-0.238126044,-1.64716257,-1.420366457,-1.142820758,-3.084941702,-2.484350954,1.808558574,-0.665198371
2023/1/5 20:30,-2.252415819,-0.42711567,0.307216683,-2.154560853,-0.567094375,-1.464452664,-3.129928982,-1.934825752,2.230690206,-5.164731418
2023/1/5 20:45,-2.712791398,-0.215801741,0.099360286,-1.711073752,0.02555442,-1.017152731,-0.584606989,-1.604041943,2.219888322,-0.396713475
2023/1/5 21:00,-3.037545471,0.193174923,0.637757346,-2.036682388,0.156058246,-0.903965252,-2.543323439,-1.383812044,2.381520869,-0.383422049
2023/1/5 21:15,-2.682650382,0.487926896,0.50756295,-0.906365111,1.235132534,-0.695011768,-1.865126858,-0.246584001,2.039953689,0.371903952
2023/1/5 21:30,-2.120260172,0.949452725,0.29986331,-1.760024042,1.681494155,-0.588605082,-1.664279367,0.951357575,1.300436154,0.557168685
2023/1/5 21:45,4.525273512,1.222800666,0.325508522,-1.242224863,1.729556951,0.229152217,-1.208647802,1.82389977,0.701651838,0.942333342
2023/1/5 22:00,-0.618136519,1.462558302,0.57205635,-0.95180113,1.800926136,0.790633721,-0.348921122,2.381013331,-0.383710767,1.391073401
2023/1/5 22:15,0.442293721,1.393240301,0.929040114,-0.907303309,1.913287619,0.937462104,0.194871224,2.590616008,-1.077171322,1.545371032
2023/1/5 22:30,1.185109907,1.439046738,0.637072875,-0.212016072,1.954491779,1.145387462,0.462219098,2.369559726,-1.725768254,1.550669366
2023/1/5 22:45,1.95771003,0.914672846,0.900181345,-0.048764222,0.916492599,1.202318747,1.170248869,2.09230274,-2.117037592,1.240836682
2023/1/5 23:00,2.319197377,0.681277511,0.779478988,0.787897181,0.979700855,1.429533193,1.785556134,1.579286203,-2.365473407,0.955225919
2023/1/5 23:15,2.694211953,0.747532505,1.041613164,0.662887338,0.260407806,1.157664496,1.840072845,-6.558740137,-2.359806171,1.106222214
2023/1/5 23:30,2.650303561,-0.461549965,1.008340704,0.885011839,-0.38280999,1.198739759,2.13838967,-0.357690379,-2.262425799,1.272725508
2023/1/5 23:45,2.440322656,1.194516129,0.631788913,1.102165614,-0.981151406,0.756524972,2.931621942,-1.078074546,-1.332843843,0.574389375
2023/1/6 0:00,2.031097546,-0.596602868,-1.315417499,1.688520832,-1.682940092,0.45844855,2.838956114,-1.69998894,-0.322871737,0.521426854
2023/1/6 0:15,0.928897767,-1.085727984,1.438535935,1.739733362,-1.876274062,-0.533499931,2.765776133,-2.21421746,0.324428804,0.228123252
2023/1/6 0:30,-0.106973614,-1.642598941,1.041980413,1.815461399,-2.028189908,-0.400955223,2.477541337,-2.731955245,1.509615608,-0.260578387
2023/1/6 0:45,-0.494636008,-1.406428511,1.194869979,1.815280395,-1.80670238,-1.224780226,2.736049576,-2.73869208,1.541700888,-0.514296774
2023/1/6 1:00,-1.670427045,-1.566749421,0.491640949,2.110244613,-1.629016748,-1.528832485,2.39631031,-1.922118641,2.235940649,-0.806600919
2023/1/6 1:15,-2.195906939,-0.860349599,1.032305994,1.924857318,-1.22635861,-1.424296603,1.840671336,-1.224382611,2.431804622,-0.886516634
2023/1/6 1:30,-3.017423572,-0.702121848,0.827465985,2.33987295,-0.676135725,-1.347067268,1.517225219,-0.100676663,2.283660598,-1.342971402
2023/1/6 1:45,-2.693370783,-0.652060101,0.544822087,1.934170819,-0.507514617,-1.28203189,1.129525948,0.822104528,1.773208723,-5.105093358
2023/1/6 2:00,-2.922918502,-0.042906037,0.341996586,1.307364319,0.428331734,-0.604357227,0.340021086,1.276661394,1.452039737,-1.415228344
2023/1/6 2:15,-2.452069459,0.461811788,0.485074292,1.456710653,0.837080248,-0.567441729,0.811220862,1.979567684,0.189124997,-1.48722341
2023/1/6 2:30,-1.940259266,0.725484418,0.307598796,1.214546873,1.589606043,0.184742524,-0.874888987,2.493245311,-0.097311655,-1.252411468
2023/1/6 2:45,-0.996420079,0.997588329,0.017893216,0.661901857,1.854633169,0.411802723,-1.245142719,2.43124422,-1.154995973,-1.414116214
2023/1/6 3:00,-0.367369229,1.102251348,-0.020154269,0.303365331,2.192860014,0.778289655,-1.54784825,2.264021624,-2.092137169,-0.786884921
2023/1/6 3:15,0.773886815,1.711917702,-0.101548442,-0.069457099,2.013648501,1.1308802,-2.533270051,1.747166791,-2.029916723,-0.313106851
2023/1/6 3:30,1.594813264,1.184598751,-0.377289252,-0.139546354,1.830765747,1.044501123,-2.710623456,0.796211315,-2.897524551,-0.105280147
2023/1/6 3:45,2.244400924,1.327037253,-0.203191309,-0.642398602,1.503149301,1.779550309,-2.448865081,-0.09853432,-2.482140679,-0.377740737
2023/1/6 4:00,9.745090978,0.829434488,-0.666726528,-1.278969894,1.041620582,1.319498981,-2.820081741,-1.130061977,-2.034919167,0.6563731
2023/1/6 4:15,2.561747575,0.566370077,-0.472914829,-1.232365545,0.158909078,1.124209512,-2.902238324,-1.780773373,-1.410044617,0.960458614
2023/1/6 4:30,2.615102992,0.152920228,2.696804009,-1.330144581,-0.337226176,0.786841646,-2.978935063,-1.881615965,-0.390536661,0.888610884
2023/1/6 4:45,2.058993934,-0.234495248,-0.554375807,-1.859274543,-0.684167741,0.610538098,-2.637826447,-2.389916269,0.753924887,1.302181494
